SET NAMES utf8mb4;
SET FOREIGN_KEY_CHECKS = 0;

-- -------------------------------------------------------------
-- orders
-- -------------------------------------------------------------
INSERT INTO `orders` (`id`, `placed_by`, `finalized_by`, `supplier_id`, `expected_delivery`, `actual_delivery`, `notes`, `order_status_id`, `created_at`, `updated_at`) VALUES
(1, 13, NULL, 1, '2026-07-11 09:00:00', NULL, NULL, 1, '2026-06-23 09:00:00', '2026-06-23 09:00:00'),
(2, 12, NULL, 1, '2026-07-11 09:00:00', NULL, NULL, 1, '2026-06-24 08:30:00', '2026-06-24 08:30:00'),
(3, 13, 12, 2, '2026-04-05 09:00:00', NULL, NULL, 3, '2026-04-01 08:45:00', '2026-04-01 15:30:00'),
(4, 12, NULL, 3, '2026-07-11 09:00:00', NULL, NULL, 1, '2026-06-24 09:00:00', '2026-06-24 09:00:00'),
(5, 13, NULL, 1, '2026-07-11 09:00:00', NULL, NULL, 1, '2026-06-25 08:30:00', '2026-06-25 08:30:00'),
(6, 12, NULL, 2, '2026-07-11 09:00:00', NULL, NULL, 1, '2026-06-25 09:00:00', '2026-06-25 09:00:00'),
(7, 13, NULL, 3, '2026-07-11 09:00:00', NULL, NULL, 1, '2026-06-26 08:30:00', '2026-06-26 08:30:00'),
(8, 12, 13, 1, '2026-04-09 09:00:00', NULL, NULL, 3, '2026-04-05 09:00:00', '2026-04-05 15:00:00'),
(9, 13, 12, 2, '2026-04-10 09:00:00', NULL, NULL, 3, '2026-04-06 08:00:00', '2026-04-06 15:00:00'),
(10, 12, 13, 3, '2026-04-10 09:00:00', NULL, NULL, 3, '2026-04-06 08:05:00', '2026-04-06 15:05:00'),
(11, 13, 12, 1, '2026-04-11 09:00:00', NULL, NULL, 3, '2026-04-07 08:00:00', '2026-04-07 15:00:00'),
(12, 12, NULL, 2, '2026-07-11 09:00:00', NULL, NULL, 1, '2026-06-26 09:00:00', '2026-06-26 09:00:00'),
(13, 13, 12, 1, '2026-04-03 09:00:00', '2026-04-01 14:00:00', NULL, 2, '2026-03-30 08:30:00', '2026-04-01 14:00:00'),
(14, 13, 12, 1, '2026-04-04 09:00:00', '2026-04-02 09:30:00', NULL, 2, '2026-03-31 08:00:00', '2026-04-02 09:30:00'),
(15, 12, 13, 2, '2026-04-04 09:00:00', '2026-04-02 09:40:00', NULL, 2, '2026-03-31 08:05:00', '2026-04-02 09:40:00'),
(16, 13, 12, 3, '2026-04-04 09:00:00', '2026-04-02 09:50:00', NULL, 2, '2026-03-31 08:10:00', '2026-04-02 09:50:00'),
(17, 12, 13, 1, '2026-04-04 09:00:00', '2026-04-02 10:00:00', NULL, 2, '2026-03-31 08:15:00', '2026-04-02 10:00:00'),
(18, 13, 12, 1, '2026-04-04 09:00:00', '2026-04-02 10:10:00', NULL, 2, '2026-03-31 08:20:00', '2026-04-02 10:10:00'),
(19, 12, 13, 1, '2026-04-04 09:00:00', '2026-04-02 10:20:00', NULL, 2, '2026-03-31 08:25:00', '2026-04-02 10:20:00'),
(20, 13, 12, 1, '2026-04-05 09:00:00', '2026-04-03 09:30:00', NULL, 2, '2026-04-01 08:00:00', '2026-04-03 09:30:00'),
(21, 12, 13, 1, '2026-04-05 09:00:00', '2026-04-03 09:40:00', NULL, 2, '2026-04-01 08:05:00', '2026-04-03 09:40:00'),
(22, 13, 12, 1, '2026-04-05 09:00:00', '2026-04-03 09:50:00', NULL, 2, '2026-04-01 08:10:00', '2026-04-03 09:50:00'),
(23, 12, 13, 2, '2026-04-05 09:00:00', '2026-04-03 10:00:00', NULL, 2, '2026-04-01 08:15:00', '2026-04-03 10:00:00'),
(24, 13, 12, 2, '2026-04-05 09:00:00', '2026-04-03 10:10:00', NULL, 2, '2026-04-01 08:20:00', '2026-04-03 10:10:00'),
(25, 12, 13, 2, '2026-04-05 09:00:00', '2026-04-03 10:20:00', NULL, 2, '2026-04-01 08:25:00', '2026-04-03 10:20:00'),
(26, 13, 12, 3, '2026-04-06 09:00:00', '2026-04-04 09:30:00', NULL, 2, '2026-04-02 08:00:00', '2026-04-04 09:30:00'),
(27, 12, 13, 3, '2026-04-06 09:00:00', '2026-04-04 09:40:00', NULL, 2, '2026-04-02 08:05:00', '2026-04-04 09:40:00'),
(28, 13, 12, 1, '2026-04-06 09:00:00', '2026-04-04 09:50:00', NULL, 2, '2026-04-02 08:10:00', '2026-04-04 09:50:00'),
(29, 12, 13, 2, '2026-04-06 09:00:00', '2026-04-04 10:00:00', NULL, 2, '2026-04-02 08:15:00', '2026-04-04 10:00:00'),
(30, 13, 12, 1, '2026-04-06 09:00:00', '2026-04-04 10:10:00', NULL, 2, '2026-04-02 08:20:00', '2026-04-04 10:10:00'),
(31, 12, 13, 1, '2026-04-17 09:00:00', '2026-04-15 09:00:00', NULL, 2, '2026-04-13 08:00:00', '2026-04-15 09:00:00'),
(32, 13, 12, 1, '2026-04-17 09:00:00', '2026-04-15 09:10:00', NULL, 2, '2026-04-13 08:05:00', '2026-04-15 09:10:00'),
(33, 12, 13, 1, '2026-04-17 09:00:00', '2026-04-15 09:20:00', NULL, 2, '2026-04-13 08:10:00', '2026-04-15 09:20:00'),
(34, 13, 12, 1, '2026-04-17 09:00:00', '2026-04-15 09:30:00', NULL, 2, '2026-04-13 08:15:00', '2026-04-15 09:30:00'),
(35, 12, 13, 1, '2026-04-17 09:00:00', '2026-04-15 09:40:00', NULL, 2, '2026-04-13 08:20:00', '2026-04-15 09:40:00'),
(36, 13, 12, 1, '2026-04-17 09:00:00', '2026-04-15 09:50:00', NULL, 2, '2026-04-13 08:25:00', '2026-04-15 09:50:00'),
(37, 12, 13, 1, '2026-04-17 09:00:00', '2026-04-15 10:00:00', NULL, 2, '2026-04-13 08:30:00', '2026-04-15 10:00:00'),
(38, 13, 12, 1, '2026-04-24 09:00:00', '2026-04-22 09:00:00', NULL, 2, '2026-04-20 08:00:00', '2026-04-22 09:00:00'),
(39, 12, 13, 2, '2026-04-24 09:00:00', '2026-04-22 09:10:00', NULL, 2, '2026-04-20 08:05:00', '2026-04-22 09:10:00'),
(40, 13, 12, 2, '2026-04-24 09:00:00', '2026-04-22 09:20:00', NULL, 2, '2026-04-20 08:10:00', '2026-04-22 09:20:00'),
(41, 12, 13, 2, '2026-04-24 09:00:00', '2026-04-22 09:30:00', NULL, 2, '2026-04-20 08:15:00', '2026-04-22 09:30:00'),
(42, 13, 12, 3, '2026-04-24 09:00:00', '2026-04-22 09:40:00', NULL, 2, '2026-04-20 08:20:00', '2026-04-22 09:40:00'),
(43, 12, 13, 3, '2026-04-24 09:00:00', '2026-04-22 09:50:00', NULL, 2, '2026-04-20 08:25:00', '2026-04-22 09:50:00'),
(44, 13, 12, 3, '2026-04-24 09:00:00', '2026-04-22 10:00:00', NULL, 2, '2026-04-20 08:30:00', '2026-04-22 10:00:00'),
(45, 12, 13, 2, '2026-04-24 09:00:00', '2026-04-22 10:10:00', NULL, 2, '2026-04-20 08:35:00', '2026-04-22 10:10:00'),
(46, 13, 12, 1, '2026-05-07 09:00:00', '2026-05-05 09:00:00', NULL, 2, '2026-05-03 08:00:00', '2026-05-05 09:00:00'),
(47, 12, 13, 1, '2026-05-07 09:00:00', '2026-05-05 09:10:00', NULL, 2, '2026-05-03 08:05:00', '2026-05-05 09:10:00'),
(48, 13, 12, 1, '2026-05-07 09:00:00', '2026-05-05 09:20:00', NULL, 2, '2026-05-03 08:10:00', '2026-05-05 09:20:00'),
(49, 12, 13, 1, '2026-05-07 09:00:00', '2026-05-05 09:30:00', NULL, 2, '2026-05-03 08:15:00', '2026-05-05 09:30:00'),
(50, 13, 12, 1, '2026-05-07 09:00:00', '2026-05-05 09:40:00', NULL, 2, '2026-05-03 08:20:00', '2026-05-05 09:40:00'),
(51, 12, 13, 2, '2026-05-07 09:00:00', '2026-05-05 09:50:00', NULL, 2, '2026-05-03 08:25:00', '2026-05-05 09:50:00'),
(52, 13, 12, 2, '2026-05-07 09:00:00', '2026-05-05 10:00:00', NULL, 2, '2026-05-03 08:30:00', '2026-05-05 10:00:00'),
(53, 12, 13, 3, '2026-05-07 09:00:00', '2026-05-05 10:10:00', NULL, 2, '2026-05-03 08:35:00', '2026-05-05 10:10:00'),
(54, 13, 12, 3, '2026-05-07 09:00:00', '2026-05-05 10:20:00', NULL, 2, '2026-05-03 08:40:00', '2026-05-05 10:20:00'),
(55, 12, 13, 1, '2026-05-07 09:00:00', '2026-05-05 10:30:00', NULL, 2, '2026-05-03 08:45:00', '2026-05-05 10:30:00'),
(56, 13, 12, 2, '2026-05-07 09:00:00', '2026-05-05 10:40:00', NULL, 2, '2026-05-03 08:50:00', '2026-05-05 10:40:00'),
(57, 12, 13, 1, '2026-05-07 09:00:00', '2026-05-05 10:50:00', NULL, 2, '2026-05-03 08:55:00', '2026-05-05 10:50:00'),
(58, 13, 12, 1, '2026-05-22 09:00:00', '2026-05-20 09:00:00', NULL, 2, '2026-05-18 08:00:00', '2026-05-20 09:00:00'),
(59, 12, 13, 1, '2026-05-22 09:00:00', '2026-05-20 09:10:00', NULL, 2, '2026-05-18 08:05:00', '2026-05-20 09:10:00'),
(60, 13, 12, 1, '2026-05-22 09:00:00', '2026-05-20 09:20:00', NULL, 2, '2026-05-18 08:10:00', '2026-05-20 09:20:00'),
(61, 12, 13, 1, '2026-05-22 09:00:00', '2026-05-20 09:30:00', NULL, 2, '2026-05-18 08:15:00', '2026-05-20 09:30:00'),
(62, 13, 12, 2, '2026-05-22 09:00:00', '2026-05-20 09:40:00', NULL, 2, '2026-05-18 08:20:00', '2026-05-20 09:40:00'),
(63, 12, 13, 2, '2026-05-22 09:00:00', '2026-05-20 09:50:00', NULL, 2, '2026-05-18 08:25:00', '2026-05-20 09:50:00'),
(64, 13, 12, 3, '2026-05-22 09:00:00', '2026-05-20 10:00:00', NULL, 2, '2026-05-18 08:30:00', '2026-05-20 10:00:00'),
(65, 12, 13, 2, '2026-05-22 09:00:00', '2026-05-20 10:10:00', NULL, 2, '2026-05-18 08:35:00', '2026-05-20 10:10:00'),
(66, 13, 12, 2, '2026-05-22 09:00:00', '2026-05-20 10:20:00', NULL, 2, '2026-05-18 08:40:00', '2026-05-20 10:20:00'),
(67, 12, 13, 1, '2026-06-03 09:00:00', '2026-06-01 09:00:00', NULL, 2, '2026-05-30 08:00:00', '2026-06-01 09:00:00'),
(68, 13, 12, 1, '2026-06-03 09:00:00', '2026-06-01 09:10:00', NULL, 2, '2026-05-30 08:05:00', '2026-06-01 09:10:00'),
(69, 12, 13, 1, '2026-06-03 09:00:00', '2026-06-01 09:20:00', NULL, 2, '2026-05-30 08:10:00', '2026-06-01 09:20:00'),
(70, 13, 12, 1, '2026-06-03 09:00:00', '2026-06-01 09:30:00', NULL, 2, '2026-05-30 08:15:00', '2026-06-01 09:30:00'),
(71, 12, 13, 1, '2026-06-03 09:00:00', '2026-06-01 09:40:00', NULL, 2, '2026-05-30 08:20:00', '2026-06-01 09:40:00'),
(72, 13, 12, 2, '2026-06-03 09:00:00', '2026-06-01 09:50:00', NULL, 2, '2026-05-30 08:25:00', '2026-06-01 09:50:00'),
(73, 12, 13, 2, '2026-06-03 09:00:00', '2026-06-01 10:00:00', NULL, 2, '2026-05-30 08:30:00', '2026-06-01 10:00:00'),
(74, 13, 12, 3, '2026-06-14 09:00:00', '2026-06-12 09:00:00', NULL, 2, '2026-06-10 08:00:00', '2026-06-12 09:00:00'),
(75, 12, 13, 3, '2026-06-14 09:00:00', '2026-06-12 09:10:00', NULL, 2, '2026-06-10 08:05:00', '2026-06-12 09:10:00'),
(76, 13, 12, 1, '2026-06-14 09:00:00', '2026-06-12 09:20:00', NULL, 2, '2026-06-10 08:10:00', '2026-06-12 09:20:00'),
(77, 12, 13, 2, '2026-06-14 09:00:00', '2026-06-12 09:30:00', NULL, 2, '2026-06-10 08:15:00', '2026-06-12 09:30:00'),
(78, 13, 13, 1, '2026-06-14 09:00:00', '2026-06-12 09:40:00', NULL, 2, '2026-06-10 08:20:00', '2026-06-12 09:40:00');

-- -------------------------------------------------------------
-- orders_products
-- -------------------------------------------------------------
INSERT INTO `orders_products` (`id`, `order_id`, `warehouse_product_id`, `price`, `expected_quantity`, `received_quantity`, `created_at`, `updated_at`) VALUES
(1, 1, 1, '8.50', '25.000', NULL, '2026-06-23 09:00:00', '2026-06-23 09:00:00'),
(2, 2, 2, '9.20', '20.000', NULL, '2026-06-24 08:30:00', '2026-06-24 08:30:00'),
(3, 3, 4, '2.10', '30.000', NULL, '2026-04-01 08:45:00', '2026-04-01 08:45:00'),
(4, 4, 7, '12.00', '12.000', NULL, '2026-06-24 09:00:00', '2026-06-24 09:00:00'),
(5, 5, 1, '8.50', '25.000', NULL, '2026-06-25 08:30:00', '2026-06-25 08:30:00'),
(6, 5, 2, '9.20', '20.000', NULL, '2026-06-25 08:30:00', '2026-06-25 08:30:00'),
(7, 5, 9, '12.50', '15.000', NULL, '2026-06-25 08:30:00', '2026-06-25 08:30:00'),
(8, 6, 4, '2.10', '30.000', NULL, '2026-06-25 09:00:00', '2026-06-25 09:00:00'),
(9, 6, 5, '1.05', '20.000', NULL, '2026-06-25 09:00:00', '2026-06-25 09:00:00'),
(10, 6, 6, '3.40', '5.000', NULL, '2026-06-25 09:00:00', '2026-06-25 09:00:00'),
(11, 7, 7, '12.00', '12.000', NULL, '2026-06-26 08:30:00', '2026-06-26 08:30:00'),
(12, 7, 8, '14.50', '12.000', NULL, '2026-06-26 08:30:00', '2026-06-26 08:30:00'),
(13, 7, 49, '18.00', '3.000', NULL, '2026-06-26 08:30:00', '2026-06-26 08:30:00'),
(14, 8, 9, '12.50', '15.000', NULL, '2026-04-05 09:00:00', '2026-04-05 09:00:00'),
(15, 9, 5, '1.05', '20.000', NULL, '2026-04-06 08:00:00', '2026-04-06 08:00:00'),
(16, 10, 8, '14.50', '18.000', NULL, '2026-04-06 08:05:00', '2026-04-06 08:05:00'),
(17, 11, 1, '8.50', '20.000', NULL, '2026-04-07 08:00:00', '2026-04-07 08:00:00'),
(18, 11, 10, '5.80', '15.000', NULL, '2026-04-07 08:00:00', '2026-04-07 08:00:00'),
(19, 11, 12, '9.80', '8.000', NULL, '2026-04-07 08:00:00', '2026-04-07 08:00:00'),
(20, 12, 4, '2.10', '25.000', NULL, '2026-06-26 09:00:00', '2026-06-26 09:00:00'),
(21, 12, 22, '0.65', '20.000', NULL, '2026-06-26 09:00:00', '2026-06-26 09:00:00'),
(22, 12, 23, '5.80', '5.000', NULL, '2026-06-26 09:00:00', '2026-06-26 09:00:00'),
(23, 13, 16, '3.50', '5.000', '5.000', '2026-03-30 08:30:00', '2026-04-01 14:00:00'),
(24, 14, 23, '6.50', '6.000', '6.000', '2026-03-31 08:00:00', '2026-04-02 09:30:00'),
(25, 15, 19, '2.50', '10.000', '10.000', '2026-03-31 08:05:00', '2026-04-02 09:40:00'),
(26, 16, 46, '4.50', '3.000', '3.000', '2026-03-31 08:10:00', '2026-04-02 09:50:00'),
(27, 17, 13, '11.50', '8.000', '8.000', '2026-03-31 08:15:00', '2026-04-02 10:00:00'),
(28, 18, 1, '8.50', '25.000', '25.000', '2026-03-31 08:20:00', '2026-04-02 10:10:00'),
(29, 18, 2, '9.20', '20.000', '20.000', '2026-03-31 08:20:00', '2026-04-02 10:10:00'),
(30, 19, 3, '18.00', '8.000', '8.000', '2026-03-31 08:25:00', '2026-04-02 10:20:00'),
(31, 19, 9, '12.50', '12.000', '12.000', '2026-03-31 08:25:00', '2026-04-02 10:20:00'),
(32, 20, 10, '5.80', '20.000', '20.000', '2026-04-01 08:00:00', '2026-04-03 09:30:00'),
(33, 20, 11, '22.00', '6.000', '6.000', '2026-04-01 08:00:00', '2026-04-03 09:30:00'),
(34, 21, 12, '9.80', '10.000', '10.000', '2026-04-01 08:05:00', '2026-04-03 09:40:00'),
(35, 21, 13, '11.50', '8.000', '8.000', '2026-04-01 08:05:00', '2026-04-03 09:40:00'),
(36, 22, 14, '0.25', '120.000', '120.000', '2026-04-01 08:10:00', '2026-04-03 09:50:00'),
(37, 22, 17, '8.50', '8.000', '8.000', '2026-04-01 08:10:00', '2026-04-03 09:50:00'),
(38, 23, 4, '2.10', '25.000', '25.000', '2026-04-01 08:15:00', '2026-04-03 10:00:00'),
(39, 23, 5, '1.05', '20.000', '20.000', '2026-04-01 08:15:00', '2026-04-03 10:00:00'),
(40, 24, 6, '3.40', '4.000', '4.000', '2026-04-01 08:20:00', '2026-04-03 10:10:00'),
(41, 24, 22, '0.65', '30.000', '30.000', '2026-04-01 08:20:00', '2026-04-03 10:10:00'),
(42, 25, 19, '2.50', '10.000', '10.000', '2026-04-01 08:25:00', '2026-04-03 10:20:00'),
(43, 25, 26, '12.00', '5.000', '5.000', '2026-04-01 08:25:00', '2026-04-03 10:20:00'),
(44, 26, 7, '12.00', '18.000', '18.000', '2026-04-02 08:00:00', '2026-04-04 09:30:00'),
(45, 26, 8, '14.50', '18.000', '18.000', '2026-04-02 08:00:00', '2026-04-04 09:30:00'),
(46, 27, 49, '18.00', '5.000', '5.000', '2026-04-02 08:05:00', '2026-04-04 09:40:00'),
(47, 27, 50, '12.00', '3.000', '3.000', '2026-04-02 08:05:00', '2026-04-04 09:40:00'),
(48, 28, 15, '1.20', '20.000', '20.000', '2026-04-02 08:10:00', '2026-04-04 09:50:00'),
(49, 28, 16, '3.50', '5.000', '5.000', '2026-04-02 08:10:00', '2026-04-04 09:50:00'),
(50, 28, 18, '14.00', '6.000', '6.000', '2026-04-02 08:10:00', '2026-04-04 09:50:00'),
(51, 29, 40, '1.50', '10.000', '10.000', '2026-04-02 08:15:00', '2026-04-04 10:00:00'),
(52, 29, 41, '1.50', '8.000', '8.000', '2026-04-02 08:15:00', '2026-04-04 10:00:00'),
(53, 29, 48, '9.50', '4.000', '4.000', '2026-04-02 08:15:00', '2026-04-04 10:00:00'),
(54, 30, 21, '1.20', '15.000', '15.000', '2026-04-02 08:20:00', '2026-04-04 10:10:00'),
(55, 30, 23, '6.50', '6.000', '6.000', '2026-04-02 08:20:00', '2026-04-04 10:10:00'),
(56, 30, 25, '2.10', '10.000', '10.000', '2026-04-02 08:20:00', '2026-04-04 10:10:00'),
(57, 31, 1, '8.50', '30.000', '28.000', '2026-04-13 08:00:00', '2026-04-15 09:00:00'),
(58, 32, 2, '9.20', '25.000', '23.000', '2026-04-13 08:05:00', '2026-04-15 09:10:00'),
(59, 33, 3, '18.00', '12.000', '11.000', '2026-04-13 08:10:00', '2026-04-15 09:20:00'),
(60, 34, 10, '5.80', '20.000', '19.000', '2026-04-13 08:15:00', '2026-04-15 09:30:00'),
(61, 35, 11, '22.00', '8.000', '7.500', '2026-04-13 08:20:00', '2026-04-15 09:40:00'),
(62, 36, 12, '9.80', '10.000', '9.500', '2026-04-13 08:25:00', '2026-04-15 09:50:00'),
(63, 37, 14, '0.25', '120.000', '115.000', '2026-04-13 08:30:00', '2026-04-15 10:00:00'),
(64, 38, 15, '1.20', '20.000', '19.000', '2026-04-20 08:00:00', '2026-04-22 09:00:00'),
(65, 39, 4, '2.10', '25.000', '24.000', '2026-04-20 08:05:00', '2026-04-22 09:10:00'),
(66, 40, 5, '1.05', '20.000', '19.000', '2026-04-20 08:10:00', '2026-04-22 09:20:00'),
(67, 41, 22, '0.65', '30.000', '29.000', '2026-04-20 08:15:00', '2026-04-22 09:30:00'),
(68, 42, 8, '14.50', '24.000', '23.000', '2026-04-20 08:20:00', '2026-04-22 09:40:00'),
(69, 43, 49, '18.00', '5.000', '4.800', '2026-04-20 08:25:00', '2026-04-22 09:50:00'),
(70, 44, 50, '12.00', '3.000', '2.900', '2026-04-20 08:30:00', '2026-04-22 10:00:00'),
(71, 45, 48, '9.50', '4.000', '3.800', '2026-04-20 08:35:00', '2026-04-22 10:10:00'),
(72, 46, 1, '8.50', '30.000', '28.000', '2026-05-03 08:00:00', '2026-05-05 09:00:00'),
(73, 46, 2, '9.20', '20.000', '19.000', '2026-05-03 08:00:00', '2026-05-05 09:00:00'),
(74, 47, 9, '12.50', '15.000', '14.000', '2026-05-03 08:05:00', '2026-05-05 09:10:00'),
(75, 47, 10, '5.80', '20.000', '19.000', '2026-05-03 08:05:00', '2026-05-05 09:10:00'),
(76, 48, 3, '18.00', '8.000', '7.500', '2026-05-03 08:10:00', '2026-05-05 09:20:00'),
(77, 48, 11, '22.00', '6.000', '5.800', '2026-05-03 08:10:00', '2026-05-05 09:20:00'),
(78, 49, 12, '9.80', '10.000', '9.500', '2026-05-03 08:15:00', '2026-05-05 09:30:00'),
(79, 49, 13, '11.50', '8.000', '7.800', '2026-05-03 08:15:00', '2026-05-05 09:30:00'),
(80, 50, 14, '0.25', '120.000', '115.000', '2026-05-03 08:20:00', '2026-05-05 09:40:00'),
(81, 50, 15, '1.20', '20.000', '19.000', '2026-05-03 08:20:00', '2026-05-05 09:40:00'),
(82, 50, 17, '8.50', '8.000', '7.800', '2026-05-03 08:20:00', '2026-05-05 09:40:00'),
(83, 51, 4, '2.10', '25.000', '24.000', '2026-05-03 08:25:00', '2026-05-05 09:50:00'),
(84, 51, 5, '1.05', '20.000', '19.000', '2026-05-03 08:25:00', '2026-05-05 09:50:00'),
(85, 51, 22, '0.65', '30.000', '28.000', '2026-05-03 08:25:00', '2026-05-05 09:50:00'),
(86, 52, 6, '3.40', '4.000', '3.800', '2026-05-03 08:30:00', '2026-05-05 10:00:00'),
(87, 52, 26, '12.00', '5.000', '4.800', '2026-05-03 08:30:00', '2026-05-05 10:00:00'),
(88, 52, 48, '9.50', '3.000', '2.900', '2026-05-03 08:30:00', '2026-05-05 10:00:00'),
(89, 53, 7, '12.00', '18.000', '17.000', '2026-05-03 08:35:00', '2026-05-05 10:10:00'),
(90, 53, 8, '14.50', '18.000', '17.000', '2026-05-03 08:35:00', '2026-05-05 10:10:00'),
(91, 54, 49, '18.00', '5.000', '4.800', '2026-05-03 08:40:00', '2026-05-05 10:20:00'),
(92, 54, 50, '12.00', '3.000', '2.900', '2026-05-03 08:40:00', '2026-05-05 10:20:00'),
(93, 54, 51, '28.00', '1.000', '0.950', '2026-05-03 08:40:00', '2026-05-05 10:20:00'),
(94, 55, 1, '8.50', '25.000', '24.000', '2026-05-03 08:45:00', '2026-05-05 10:30:00'),
(95, 55, 18, '14.00', '6.000', '5.800', '2026-05-03 08:45:00', '2026-05-05 10:30:00'),
(96, 55, 23, '6.50', '5.000', '4.800', '2026-05-03 08:45:00', '2026-05-05 10:30:00'),
(97, 56, 19, '2.50', '10.000', '9.500', '2026-05-03 08:50:00', '2026-05-05 10:40:00'),
(98, 56, 40, '1.50', '10.000', '9.500', '2026-05-03 08:50:00', '2026-05-05 10:40:00'),
(99, 56, 41, '1.50', '8.000', '7.800', '2026-05-03 08:50:00', '2026-05-05 10:40:00'),
(100, 57, 2, '9.20', '20.000', '19.000', '2026-05-03 08:55:00', '2026-05-05 10:50:00'),
(101, 57, 15, '1.20', '15.000', '14.000', '2026-05-03 08:55:00', '2026-05-05 10:50:00'),
(102, 57, 17, '8.50', '6.000', '5.800', '2026-05-03 08:55:00', '2026-05-05 10:50:00'),
(103, 58, 1, '8.50', '20.000', '21.000', '2026-05-18 08:00:00', '2026-05-20 09:00:00'),
(104, 59, 17, '8.50', '8.000', '8.500', '2026-05-18 08:05:00', '2026-05-20 09:10:00'),
(105, 60, 18, '14.00', '6.000', '6.300', '2026-05-18 08:10:00', '2026-05-20 09:20:00'),
(106, 61, 21, '1.20', '15.000', '15.500', '2026-05-18 08:15:00', '2026-05-20 09:30:00'),
(107, 62, 6, '3.40', '3.000', '3.200', '2026-05-18 08:20:00', '2026-05-20 09:40:00'),
(108, 63, 26, '12.00', '4.000', '4.200', '2026-05-18 08:25:00', '2026-05-20 09:50:00'),
(109, 64, 7, '12.00', '18.000', '18.500', '2026-05-18 08:30:00', '2026-05-20 10:00:00'),
(110, 65, 40, '1.50', '10.000', '11.000', '2026-05-18 08:35:00', '2026-05-20 10:10:00'),
(111, 66, 41, '1.50', '8.000', '8.500', '2026-05-18 08:40:00', '2026-05-20 10:20:00'),
(112, 67, 24, '2.80', '8.000', '8.300', '2026-05-30 08:00:00', '2026-06-01 09:00:00'),
(113, 68, 1, '8.50', '20.000', '21.000', '2026-05-30 08:05:00', '2026-06-01 09:10:00'),
(114, 68, 2, '9.20', '18.000', '18.500', '2026-05-30 08:05:00', '2026-06-01 09:10:00'),
(115, 69, 3, '18.00', '6.000', '6.200', '2026-05-30 08:10:00', '2026-06-01 09:20:00'),
(116, 69, 11, '22.00', '5.000', '5.200', '2026-05-30 08:10:00', '2026-06-01 09:20:00'),
(117, 70, 9, '12.50', '12.000', '12.500', '2026-05-30 08:15:00', '2026-06-01 09:30:00'),
(118, 70, 10, '5.80', '18.000', '18.500', '2026-05-30 08:15:00', '2026-06-01 09:30:00'),
(119, 71, 14, '0.25', '100.000', '102.000', '2026-05-30 08:20:00', '2026-06-01 09:40:00'),
(120, 71, 15, '1.20', '18.000', '18.500', '2026-05-30 08:20:00', '2026-06-01 09:40:00'),
(121, 71, 16, '3.50', '4.000', '4.200', '2026-05-30 08:20:00', '2026-06-01 09:40:00'),
(122, 72, 4, '2.10', '20.000', '21.000', '2026-05-30 08:25:00', '2026-06-01 09:50:00'),
(123, 72, 5, '1.05', '18.000', '18.500', '2026-05-30 08:25:00', '2026-06-01 09:50:00'),
(124, 72, 6, '3.40', '3.000', '3.200', '2026-05-30 08:25:00', '2026-06-01 09:50:00'),
(125, 73, 22, '0.65', '25.000', '25.500', '2026-05-30 08:30:00', '2026-06-01 10:00:00'),
(126, 73, 26, '12.00', '4.000', '4.200', '2026-05-30 08:30:00', '2026-06-01 10:00:00'),
(127, 73, 48, '9.50', '3.000', '3.100', '2026-05-30 08:30:00', '2026-06-01 10:00:00'),
(128, 74, 7, '12.00', '12.000', '12.500', '2026-06-10 08:00:00', '2026-06-12 09:00:00'),
(129, 74, 8, '14.50', '12.000', '12.500', '2026-06-10 08:00:00', '2026-06-12 09:00:00'),
(130, 75, 49, '18.00', '4.000', '4.200', '2026-06-10 08:05:00', '2026-06-12 09:10:00'),
(131, 75, 50, '12.00', '3.000', '3.100', '2026-06-10 08:05:00', '2026-06-12 09:10:00'),
(132, 75, 52, '15.00', '3.000', '3.200', '2026-06-10 08:05:00', '2026-06-12 09:10:00'),
(133, 76, 12, '9.80', '8.000', '8.300', '2026-06-10 08:10:00', '2026-06-12 09:20:00'),
(134, 76, 13, '11.50', '6.000', '6.200', '2026-06-10 08:10:00', '2026-06-12 09:20:00'),
(135, 76, 17, '8.50', '5.000', '5.200', '2026-06-10 08:10:00', '2026-06-12 09:20:00'),
(136, 77, 19, '2.50', '8.000', '8.300', '2026-06-10 08:15:00', '2026-06-12 09:30:00'),
(137, 77, 23, '5.80', '4.000', '4.200', '2026-06-10 08:15:00', '2026-06-12 09:30:00'),
(138, 77, 40, '1.50', '8.000', '8.500', '2026-06-10 08:15:00', '2026-06-12 09:30:00'),
(139, 78, 1, '8.50', '22.000', '22.500', '2026-06-10 08:20:00', '2026-06-12 09:40:00'),
(140, 78, 24, '2.80', '6.000', '6.200', '2026-06-10 08:20:00', '2026-06-12 09:40:00'),
(141, 78, 25, '2.10', '10.000', '10.300', '2026-06-10 08:20:00', '2026-06-12 09:40:00');

-- -------------------------------------------------------------
-- warehouse_batches
-- -------------------------------------------------------------
INSERT INTO `warehouse_batches` (`id`, `warehouse_product_id`, `quantity`, `expiry_date`, `order_id`, `created_at`) VALUES
(1, 16, '3.500', '2026-07-18', 13, '2026-04-01 14:00:00'),
(2, 23, '4.000', '2026-07-07', 14, '2026-04-02 09:30:00'),
(3, 19, '7.000', '2026-07-18', 15, '2026-04-02 09:40:00'),
(4, 46, '3.000', '2027-06-27', 16, '2026-04-02 09:50:00'),
(5, 13, '5.500', '2026-07-27', 17, '2026-04-02 10:00:00'),
(6, 1, '19.500', '2026-07-11', 18, '2026-04-02 10:10:00'),
(7, 2, '16.000', '2026-07-11', 18, '2026-04-02 10:10:00'),
(8, 3, '6.000', '2026-07-11', 19, '2026-04-02 10:20:00'),
(9, 9, '9.000', '2026-07-11', 19, '2026-04-02 10:20:00'),
(10, 10, '16.000', '2026-07-11', 20, '2026-04-03 09:30:00'),
(11, 11, '4.500', '2026-07-11', 20, '2026-04-03 09:30:00'),
(12, 12, '7.500', '2026-07-27', 21, '2026-04-03 09:40:00'),
(13, 13, '5.700', '2026-07-27', 21, '2026-04-03 09:40:00'),
(14, 14, '94.000', '2026-07-18', 22, '2026-04-03 09:50:00'),
(15, 17, '6.500', '2026-07-18', 22, '2026-04-03 09:50:00'),
(16, 4, '19.000', '2026-07-07', 23, '2026-04-03 10:00:00'),
(17, 5, '16.000', '2026-07-07', 23, '2026-04-03 10:00:00'),
(18, 6, '2.700', '2026-08-26', 24, '2026-04-03 10:10:00'),
(19, 22, '24.000', '2026-07-27', 24, '2026-04-03 10:10:00'),
(20, 19, '8.000', '2026-07-18', 25, '2026-04-03 10:20:00'),
(21, 26, '4.000', '2026-08-26', 25, '2026-04-03 10:20:00'),
(22, 7, '14.000', '2027-06-27', 26, '2026-04-04 09:30:00'),
(23, 8, '15.000', '2027-06-27', 26, '2026-04-04 09:30:00'),
(24, 49, '4.200', '2026-12-24', 27, '2026-04-04 09:40:00'),
(25, 50, '2.500', '2026-12-24', 27, '2026-04-04 09:40:00'),
(26, 15, '15.000', '2026-07-18', 28, '2026-04-04 09:50:00'),
(27, 16, '3.500', '2026-07-18', 28, '2026-04-04 09:50:00'),
(28, 18, '4.000', '2026-07-18', 28, '2026-04-04 09:50:00'),
(29, 40, '7.000', '2026-07-07', 29, '2026-04-04 10:00:00'),
(30, 41, '6.000', '2026-07-07', 29, '2026-04-04 10:00:00'),
(31, 48, '3.200', '2028-06-27', 29, '2026-04-04 10:00:00'),
(32, 21, '12.000', '2026-07-27', 30, '2026-04-04 10:10:00'),
(33, 23, '4.000', '2026-07-07', 30, '2026-04-04 10:10:00'),
(34, 25, '8.000', '2026-07-27', 30, '2026-04-04 10:10:00'),
(35, 1, '22.200', '2026-07-11', 31, '2026-04-15 09:00:00'),
(36, 2, '19.000', '2026-07-11', 32, '2026-04-15 09:10:00'),
(37, 3, '8.500', '2026-07-11', 33, '2026-04-15 09:20:00'),
(38, 10, '15.000', '2026-07-11', 34, '2026-04-15 09:30:00'),
(39, 11, '5.500', '2026-07-11', 35, '2026-04-15 09:40:00'),
(40, 12, '7.500', '2026-07-27', 36, '2026-04-15 09:50:00'),
(41, 14, '90.000', '2026-07-18', 37, '2026-04-15 10:00:00'),
(42, 15, '14.500', '2026-07-18', 38, '2026-04-22 09:00:00'),
(43, 4, '18.000', '2026-07-07', 39, '2026-04-22 09:10:00'),
(44, 5, '14.200', '2026-07-07', 40, '2026-04-22 09:20:00'),
(45, 22, '23.000', '2026-07-27', 41, '2026-04-22 09:30:00'),
(46, 8, '19.000', '2027-06-27', 42, '2026-04-22 09:40:00'),
(47, 49, '4.000', '2026-12-24', 43, '2026-04-22 09:50:00'),
(48, 50, '2.400', '2026-12-24', 44, '2026-04-22 10:00:00'),
(49, 48, '3.100', '2028-06-27', 45, '2026-04-22 10:10:00'),
(50, 1, '22.500', '2026-07-11', 46, '2026-05-05 09:00:00'),
(51, 2, '15.000', '2026-07-11', 46, '2026-05-05 09:00:00'),
(52, 9, '11.000', '2026-07-11', 47, '2026-05-05 09:10:00'),
(53, 10, '15.000', '2026-07-11', 47, '2026-05-05 09:10:00'),
(54, 3, '5.500', '2026-07-11', 48, '2026-05-05 09:20:00'),
(55, 11, '4.300', '2026-07-11', 48, '2026-05-05 09:20:00'),
(56, 12, '7.500', '2026-07-27', 49, '2026-05-05 09:30:00'),
(57, 13, '5.400', '2026-07-27', 49, '2026-05-05 09:30:00'),
(58, 14, '91.000', '2026-07-18', 50, '2026-05-05 09:40:00'),
(59, 15, '15.000', '2026-07-18', 50, '2026-05-05 09:40:00'),
(60, 17, '6.300', '2026-07-18', 50, '2026-05-05 09:40:00'),
(61, 4, '19.000', '2026-07-07', 51, '2026-05-05 09:50:00'),
(62, 5, '14.700', '2026-07-07', 51, '2026-05-05 09:50:00'),
(63, 22, '23.000', '2026-07-27', 51, '2026-05-05 09:50:00'),
(64, 6, '2.700', '2026-08-26', 52, '2026-05-05 10:00:00'),
(65, 26, '3.800', '2026-08-26', 52, '2026-05-05 10:00:00'),
(66, 48, '2.400', '2028-06-27', 52, '2026-05-05 10:00:00'),
(67, 7, '13.000', '2027-06-27', 53, '2026-05-05 10:10:00'),
(68, 8, '13.500', '2027-06-27', 53, '2026-05-05 10:10:00'),
(69, 49, '4.000', '2026-12-24', 54, '2026-05-05 10:20:00'),
(70, 50, '2.400', '2026-12-24', 54, '2026-05-05 10:20:00'),
(71, 51, '0.750', '2027-06-27', 54, '2026-05-05 10:20:00'),
(72, 1, '19.000', '2026-07-11', 55, '2026-05-05 10:30:00'),
(73, 18, '4.300', '2026-07-18', 55, '2026-05-05 10:30:00'),
(74, 23, '3.100', '2026-07-07', 55, '2026-05-05 10:30:00'),
(75, 19, '7.500', '2026-07-18', 56, '2026-05-05 10:40:00'),
(76, 40, '6.500', '2026-07-07', 56, '2026-05-05 10:40:00'),
(77, 41, '5.800', '2026-07-07', 56, '2026-05-05 10:40:00'),
(78, 2, '15.000', '2026-07-11', 57, '2026-05-05 10:50:00'),
(79, 15, '11.000', '2026-07-18', 57, '2026-05-05 10:50:00'),
(80, 17, '4.300', '2026-07-18', 57, '2026-05-05 10:50:00'),
(81, 1, '16.500', '2026-07-11', 58, '2026-05-20 09:00:00'),
(82, 17, '6.500', '2026-07-18', 59, '2026-05-20 09:10:00'),
(83, 18, '4.800', '2026-07-18', 60, '2026-05-20 09:20:00'),
(84, 21, '12.500', '2026-07-27', 61, '2026-05-20 09:30:00'),
(85, 6, '2.400', '2026-08-26', 62, '2026-05-20 09:40:00'),
(86, 26, '3.200', '2026-08-26', 63, '2026-05-20 09:50:00'),
(87, 7, '15.500', '2027-06-27', 64, '2026-05-20 10:00:00'),
(88, 40, '8.000', '2026-07-07', 65, '2026-05-20 10:10:00'),
(89, 41, '6.500', '2026-07-07', 66, '2026-05-20 10:20:00'),
(90, 24, '6.300', '2026-07-27', 67, '2026-06-01 09:00:00'),
(91, 1, '17.000', '2026-07-11', 68, '2026-06-01 09:10:00'),
(92, 2, '14.500', '2026-07-11', 68, '2026-06-01 09:10:00'),
(93, 3, '4.700', '2026-07-11', 69, '2026-06-01 09:20:00'),
(94, 11, '4.000', '2026-07-11', 69, '2026-06-01 09:20:00'),
(95, 9, '9.500', '2026-07-11', 70, '2026-06-01 09:30:00'),
(96, 10, '14.500', '2026-07-11', 70, '2026-06-01 09:30:00'),
(97, 14, '82.000', '2026-07-18', 71, '2026-06-01 09:40:00'),
(98, 15, '14.500', '2026-07-18', 71, '2026-06-01 09:40:00'),
(99, 16, '3.200', '2026-07-18', 71, '2026-06-01 09:40:00'),
(100, 4, '17.000', '2026-07-07', 72, '2026-06-01 09:50:00'),
(101, 5, '14.500', '2026-07-07', 72, '2026-06-01 09:50:00'),
(102, 6, '2.400', '2026-08-26', 72, '2026-06-01 09:50:00'),
(103, 22, '20.500', '2026-07-27', 73, '2026-06-01 10:00:00'),
(104, 26, '3.700', '2026-08-26', 73, '2026-06-01 10:00:00'),
(105, 48, '2.500', '2028-06-27', 73, '2026-06-01 10:00:00'),
(106, 7, '10.500', '2027-06-27', 74, '2026-06-12 09:00:00'),
(107, 8, '10.500', '2027-06-27', 74, '2026-06-12 09:00:00'),
(108, 49, '3.400', '2026-12-24', 75, '2026-06-12 09:10:00'),
(109, 50, '3.100', '2026-12-24', 75, '2026-06-12 09:10:00'),
(110, 52, '1.200', '2027-06-27', 75, '2026-06-12 09:10:00'),
(111, 12, '6.300', '2026-07-27', 76, '2026-06-12 09:20:00'),
(112, 13, '4.700', '2026-07-27', 76, '2026-06-12 09:20:00'),
(113, 17, '3.700', '2026-07-18', 76, '2026-06-12 09:20:00'),
(114, 19, '6.300', '2026-07-18', 77, '2026-06-12 09:30:00'),
(115, 23, '2.800', '2026-07-07', 77, '2026-06-12 09:30:00'),
(116, 40, '6.000', '2026-07-07', 77, '2026-06-12 09:30:00'),
(117, 1, '18.000', '2026-07-11', 78, '2026-06-12 09:40:00'),
(118, 24, '4.700', '2026-07-27', 78, '2026-06-12 09:40:00'),
(119, 25, '8.300', '2026-07-27', 78, '2026-06-12 09:40:00');

-- -------------------------------------------------------------
-- warehouse_batch_event_logs
-- -------------------------------------------------------------
INSERT INTO `warehouse_batch_event_logs` (`id`, `user_id`, `warehouse_batch_id`, `warehouse_batch_event_id`, `quantity_delta`, `loss_reason_id`, `notes`, `created_at`) VALUES
(1, 12, 1, 3, '5.000', NULL, NULL, '2026-04-01 14:00:00'),
(2, 12, 2, 3, '6.000', NULL, NULL, '2026-04-02 09:30:00'),
(3, 13, 3, 3, '10.000', NULL, NULL, '2026-04-02 09:40:00'),
(4, 12, 4, 3, '3.000', NULL, NULL, '2026-04-02 09:50:00'),
(5, 13, 5, 3, '8.000', NULL, NULL, '2026-04-02 10:00:00'),
(6, 12, 6, 3, '25.000', NULL, NULL, '2026-04-02 10:10:00'),
(7, 12, 7, 3, '20.000', NULL, NULL, '2026-04-02 10:10:00'),
(8, 13, 8, 3, '8.000', NULL, NULL, '2026-04-02 10:20:00'),
(9, 13, 9, 3, '12.000', NULL, NULL, '2026-04-02 10:20:00'),
(10, 12, 10, 3, '20.000', NULL, NULL, '2026-04-03 09:30:00'),
(11, 12, 11, 3, '6.000', NULL, NULL, '2026-04-03 09:30:00'),
(12, 13, 12, 3, '10.000', NULL, NULL, '2026-04-03 09:40:00'),
(13, 13, 13, 3, '8.000', NULL, NULL, '2026-04-03 09:40:00'),
(14, 12, 14, 3, '120.000', NULL, NULL, '2026-04-03 09:50:00'),
(15, 12, 15, 3, '8.000', NULL, NULL, '2026-04-03 09:50:00'),
(16, 13, 16, 3, '25.000', NULL, NULL, '2026-04-03 10:00:00'),
(17, 13, 17, 3, '20.000', NULL, NULL, '2026-04-03 10:00:00'),
(18, 12, 18, 3, '4.000', NULL, NULL, '2026-04-03 10:10:00'),
(19, 12, 19, 3, '30.000', NULL, NULL, '2026-04-03 10:10:00'),
(20, 13, 20, 3, '10.000', NULL, NULL, '2026-04-03 10:20:00'),
(21, 13, 21, 3, '5.000', NULL, NULL, '2026-04-03 10:20:00'),
(22, 12, 22, 3, '18.000', NULL, NULL, '2026-04-04 09:30:00'),
(23, 12, 23, 3, '18.000', NULL, NULL, '2026-04-04 09:30:00'),
(24, 13, 24, 3, '5.000', NULL, NULL, '2026-04-04 09:40:00'),
(25, 13, 25, 3, '3.000', NULL, NULL, '2026-04-04 09:40:00'),
(26, 12, 26, 3, '20.000', NULL, NULL, '2026-04-04 09:50:00'),
(27, 12, 27, 3, '5.000', NULL, NULL, '2026-04-04 09:50:00'),
(28, 12, 28, 3, '6.000', NULL, NULL, '2026-04-04 09:50:00'),
(29, 13, 29, 3, '10.000', NULL, NULL, '2026-04-04 10:00:00'),
(30, 13, 30, 3, '8.000', NULL, NULL, '2026-04-04 10:00:00'),
(31, 13, 31, 3, '4.000', NULL, NULL, '2026-04-04 10:00:00'),
(32, 12, 32, 3, '15.000', NULL, NULL, '2026-04-04 10:10:00'),
(33, 12, 33, 3, '6.000', NULL, NULL, '2026-04-04 10:10:00'),
(34, 12, 34, 3, '10.000', NULL, NULL, '2026-04-04 10:10:00'),
(35, 13, 35, 3, '28.000', NULL, 'Short-shipped by 2kg', '2026-04-15 09:00:00'),
(36, 12, 36, 3, '23.000', NULL, 'Missing 2kg', '2026-04-15 09:10:00'),
(37, 13, 37, 3, '11.000', NULL, NULL, '2026-04-15 09:20:00'),
(38, 12, 38, 3, '19.000', NULL, NULL, '2026-04-15 09:30:00'),
(39, 13, 39, 3, '7.500', NULL, NULL, '2026-04-15 09:40:00'),
(40, 12, 40, 3, '9.500', NULL, NULL, '2026-04-15 09:50:00'),
(41, 13, 41, 3, '115.000', NULL, '5 eggs missing from crate', '2026-04-15 10:00:00'),
(42, 12, 42, 3, '19.000', NULL, NULL, '2026-04-22 09:00:00'),
(43, 13, 43, 3, '24.000', NULL, NULL, '2026-04-22 09:10:00'),
(44, 12, 44, 3, '19.000', NULL, NULL, '2026-04-22 09:20:00'),
(45, 13, 45, 3, '29.000', NULL, NULL, '2026-04-22 09:30:00'),
(46, 12, 46, 3, '23.000', NULL, '1 bottle missing from case', '2026-04-22 09:40:00'),
(47, 13, 47, 3, '4.800', NULL, NULL, '2026-04-22 09:50:00'),
(48, 12, 48, 3, '2.900', NULL, NULL, '2026-04-22 10:00:00'),
(49, 13, 49, 3, '3.800', NULL, NULL, '2026-04-22 10:10:00'),
(50, 12, 50, 3, '28.000', NULL, 'Supplier short-shipped', '2026-05-05 09:00:00'),
(51, 12, 51, 3, '19.000', NULL, 'Supplier short-shipped', '2026-05-05 09:00:00'),
(52, 13, 52, 3, '14.000', NULL, NULL, '2026-05-05 09:10:00'),
(53, 13, 53, 3, '19.000', NULL, NULL, '2026-05-05 09:10:00'),
(54, 12, 54, 3, '7.500', NULL, NULL, '2026-05-05 09:20:00'),
(55, 12, 55, 3, '5.800', NULL, NULL, '2026-05-05 09:20:00'),
(56, 13, 56, 3, '9.500', NULL, NULL, '2026-05-05 09:30:00'),
(57, 13, 57, 3, '7.800', NULL, NULL, '2026-05-05 09:30:00'),
(58, 12, 58, 3, '115.000', NULL, NULL, '2026-05-05 09:40:00'),
(59, 12, 59, 3, '19.000', NULL, NULL, '2026-05-05 09:40:00'),
(60, 12, 60, 3, '7.800', NULL, NULL, '2026-05-05 09:40:00'),
(61, 13, 61, 3, '24.000', NULL, NULL, '2026-05-05 09:50:00'),
(62, 13, 62, 3, '19.000', NULL, NULL, '2026-05-05 09:50:00'),
(63, 13, 63, 3, '28.000', NULL, NULL, '2026-05-05 09:50:00'),
(64, 12, 64, 3, '3.800', NULL, NULL, '2026-05-05 10:00:00'),
(65, 12, 65, 3, '4.800', NULL, NULL, '2026-05-05 10:00:00'),
(66, 12, 66, 3, '2.900', NULL, NULL, '2026-05-05 10:00:00'),
(67, 13, 67, 3, '17.000', NULL, '1 bottle each missing', '2026-05-05 10:10:00'),
(68, 13, 68, 3, '17.000', NULL, '1 bottle each missing', '2026-05-05 10:10:00'),
(69, 12, 69, 3, '4.800', NULL, NULL, '2026-05-05 10:20:00'),
(70, 12, 70, 3, '2.900', NULL, NULL, '2026-05-05 10:20:00'),
(71, 12, 71, 3, '0.950', NULL, NULL, '2026-05-05 10:20:00'),
(72, 13, 72, 3, '24.000', NULL, NULL, '2026-05-05 10:30:00'),
(73, 13, 73, 3, '5.800', NULL, NULL, '2026-05-05 10:30:00'),
(74, 13, 74, 3, '4.800', NULL, NULL, '2026-05-05 10:30:00'),
(75, 12, 75, 3, '9.500', NULL, NULL, '2026-05-05 10:40:00'),
(76, 12, 76, 3, '9.500', NULL, NULL, '2026-05-05 10:40:00'),
(77, 12, 77, 3, '7.800', NULL, NULL, '2026-05-05 10:40:00'),
(78, 13, 78, 3, '19.000', NULL, NULL, '2026-05-05 10:50:00'),
(79, 13, 79, 3, '14.000', NULL, NULL, '2026-05-05 10:50:00'),
(80, 13, 80, 3, '5.800', NULL, NULL, '2026-05-05 10:50:00'),
(81, 12, 81, 3, '21.000', NULL, 'Extra kg included', '2026-05-20 09:00:00'),
(82, 13, 82, 3, '8.500', NULL, NULL, '2026-05-20 09:10:00'),
(83, 12, 83, 3, '6.300', NULL, NULL, '2026-05-20 09:20:00'),
(84, 13, 84, 3, '15.500', NULL, NULL, '2026-05-20 09:30:00'),
(85, 12, 85, 3, '3.200', NULL, NULL, '2026-05-20 09:40:00'),
(86, 13, 86, 3, '4.200', NULL, NULL, '2026-05-20 09:50:00'),
(87, 12, 87, 3, '18.500', NULL, 'Extra half bottle', '2026-05-20 10:00:00'),
(88, 13, 88, 3, '11.000', NULL, NULL, '2026-05-20 10:10:00'),
(89, 12, 89, 3, '8.500', NULL, NULL, '2026-05-20 10:20:00'),
(90, 13, 90, 3, '8.300', NULL, NULL, '2026-06-01 09:00:00'),
(91, 12, 91, 3, '21.000', NULL, 'Both slightly over', '2026-06-01 09:10:00'),
(92, 12, 92, 3, '18.500', NULL, 'Both slightly over', '2026-06-01 09:10:00'),
(93, 13, 93, 3, '6.200', NULL, NULL, '2026-06-01 09:20:00'),
(94, 13, 94, 3, '5.200', NULL, NULL, '2026-06-01 09:20:00'),
(95, 12, 95, 3, '12.500', NULL, NULL, '2026-06-01 09:30:00'),
(96, 12, 96, 3, '18.500', NULL, NULL, '2026-06-01 09:30:00'),
(97, 13, 97, 3, '102.000', NULL, 'All slightly over ordered', '2026-06-01 09:40:00'),
(98, 13, 98, 3, '18.500', NULL, 'All slightly over ordered', '2026-06-01 09:40:00'),
(99, 13, 99, 3, '4.200', NULL, 'All slightly over ordered', '2026-06-01 09:40:00'),
(100, 12, 100, 3, '21.000', NULL, NULL, '2026-06-01 09:50:00'),
(101, 12, 101, 3, '18.500', NULL, NULL, '2026-06-01 09:50:00'),
(102, 12, 102, 3, '3.200', NULL, NULL, '2026-06-01 09:50:00'),
(103, 13, 103, 3, '25.500', NULL, NULL, '2026-06-01 10:00:00'),
(104, 13, 104, 3, '4.200', NULL, NULL, '2026-06-01 10:00:00'),
(105, 13, 105, 3, '3.100', NULL, NULL, '2026-06-01 10:00:00'),
(106, 12, 106, 3, '12.500', NULL, NULL, '2026-06-12 09:00:00'),
(107, 12, 107, 3, '12.500', NULL, NULL, '2026-06-12 09:00:00'),
(108, 13, 108, 3, '4.200', NULL, NULL, '2026-06-12 09:10:00'),
(109, 13, 109, 3, '3.100', NULL, NULL, '2026-06-12 09:10:00'),
(110, 13, 110, 3, '3.200', NULL, NULL, '2026-06-12 09:10:00'),
(111, 12, 111, 3, '8.300', NULL, NULL, '2026-06-12 09:20:00'),
(112, 12, 112, 3, '6.200', NULL, NULL, '2026-06-12 09:20:00'),
(113, 12, 113, 3, '5.200', NULL, NULL, '2026-06-12 09:20:00'),
(114, 13, 114, 3, '8.300', NULL, NULL, '2026-06-12 09:30:00'),
(115, 13, 115, 3, '4.200', NULL, NULL, '2026-06-12 09:30:00'),
(116, 13, 116, 3, '8.500', NULL, NULL, '2026-06-12 09:30:00'),
(117, 13, 117, 3, '22.500', NULL, NULL, '2026-06-12 09:40:00'),
(118, 13, 118, 3, '6.200', NULL, NULL, '2026-06-12 09:40:00'),
(119, 13, 119, 3, '10.300', NULL, NULL, '2026-06-12 09:40:00'),
(120, 13, 1, 1, '-1.500', NULL, NULL, '2026-04-05 09:30:00'),
(121, 12, 2, 1, '-1.500', NULL, NULL, '2026-04-05 14:00:00'),
(122, 13, 3, 1, '-2.500', NULL, NULL, '2026-04-05 17:00:00'),
(123, 12, 5, 1, '-2.000', NULL, 'Dinner service', '2026-04-06 09:00:00'),
(124, 13, 6, 1, '-5.000', NULL, 'Lunch prep', '2026-04-06 14:00:00'),
(125, 12, 7, 1, '-4.000', NULL, NULL, '2026-04-06 17:30:00'),
(126, 13, 8, 1, '-2.000', NULL, 'Weekend special', '2026-04-07 09:00:00'),
(127, 12, 9, 1, '-3.000', NULL, NULL, '2026-04-07 14:00:00'),
(128, 13, 10, 1, '-4.000', NULL, NULL, '2026-04-07 17:00:00'),
(129, 12, 11, 1, '-1.500', NULL, 'Appetizer station', '2026-04-07 19:30:00'),
(130, 13, 12, 1, '-2.500', NULL, NULL, '2026-04-08 09:00:00'),
(131, 12, 13, 1, '-2.000', NULL, NULL, '2026-04-08 14:00:00'),
(132, 13, 14, 1, '-20.000', NULL, 'Breakfast service', '2026-04-08 17:00:00'),
(133, 12, 15, 1, '-1.500', NULL, NULL, '2026-04-09 09:00:00'),
(134, 13, 16, 1, '-5.000', NULL, 'Sauce prep', '2026-04-09 14:00:00'),
(135, 12, 17, 1, '-4.000', NULL, NULL, '2026-04-09 17:00:00'),
(136, 13, 18, 1, '-1.000', NULL, NULL, '2026-04-10 09:00:00'),
(137, 12, 19, 1, '-6.000', NULL, 'Side dish station', '2026-04-10 14:00:00'),
(138, 13, 20, 1, '-2.000', NULL, NULL, '2026-04-10 17:30:00'),
(139, 12, 21, 1, '-1.000', NULL, 'Dessert station', '2026-04-11 09:00:00'),
(140, 13, 22, 1, '-3.000', NULL, 'Cooking reduction', '2026-04-11 14:00:00'),
(141, 12, 23, 1, '-3.000', NULL, NULL, '2026-04-11 17:00:00'),
(142, 13, 24, 1, '-0.800', NULL, NULL, '2026-04-11 19:00:00'),
(143, 12, 25, 1, '-0.500', NULL, NULL, '2026-04-12 09:00:00'),
(144, 13, 26, 1, '-4.000', NULL, NULL, '2026-04-12 14:00:00'),
(145, 12, 27, 1, '-1.500', NULL, 'Sauce', '2026-04-12 17:30:00'),
(146, 13, 28, 1, '-1.500', NULL, NULL, '2026-04-12 19:00:00'),
(147, 12, 29, 1, '-3.000', NULL, 'Garnish', '2026-04-13 09:00:00'),
(148, 13, 30, 1, '-2.000', NULL, NULL, '2026-04-13 14:00:00'),
(149, 12, 31, 1, '-0.800', NULL, 'Glaze prep', '2026-04-13 17:00:00'),
(150, 13, 32, 1, '-3.000', NULL, NULL, '2026-04-14 09:00:00'),
(151, 12, 33, 1, '-1.500', NULL, NULL, '2026-04-14 14:00:00'),
(152, 13, 34, 1, '-2.000', NULL, 'Dessert station', '2026-04-14 17:00:00'),
(153, 12, 35, 1, '-5.000', NULL, NULL, '2026-04-15 12:00:00'),
(154, 13, 36, 1, '-4.000', NULL, 'Dinner service', '2026-04-16 09:00:00'),
(155, 12, 37, 1, '-2.500', NULL, NULL, '2026-04-16 14:00:00'),
(156, 13, 38, 1, '-4.000', NULL, NULL, '2026-04-16 17:30:00'),
(157, 12, 39, 1, '-2.000', NULL, NULL, '2026-04-17 09:00:00'),
(158, 13, 40, 1, '-2.000', NULL, NULL, '2026-04-17 14:00:00'),
(159, 12, 41, 1, '-20.000', NULL, 'Omelet station', '2026-04-17 17:00:00'),
(160, 13, 42, 1, '-4.000', NULL, NULL, '2026-04-17 19:30:00'),
(161, 12, 43, 1, '-5.000', NULL, NULL, '2026-04-18 09:00:00'),
(162, 13, 44, 1, '-4.000', NULL, NULL, '2026-04-18 14:00:00'),
(163, 12, 45, 1, '-6.000', NULL, NULL, '2026-04-18 17:00:00'),
(164, 13, 46, 1, '-4.000', NULL, 'Braising', '2026-04-19 09:00:00'),
(165, 12, 47, 1, '-0.800', NULL, NULL, '2026-04-19 14:00:00'),
(166, 13, 48, 1, '-0.500', NULL, 'Mousse prep', '2026-04-19 17:30:00'),
(167, 12, 49, 1, '-0.700', NULL, NULL, '2026-04-20 09:00:00'),
(168, 13, 50, 1, '-5.000', NULL, NULL, '2026-04-20 14:00:00'),
(169, 12, 51, 1, '-4.000', NULL, NULL, '2026-04-20 17:00:00'),
(170, 13, 52, 1, '-3.000', NULL, NULL, '2026-04-21 09:00:00'),
(171, 12, 53, 1, '-4.000', NULL, NULL, '2026-04-21 14:00:00'),
(172, 13, 54, 1, '-2.000', NULL, NULL, '2026-04-22 12:00:00'),
(173, 12, 55, 1, '-1.500', NULL, NULL, '2026-04-23 09:00:00'),
(174, 13, 56, 1, '-2.000', NULL, NULL, '2026-04-23 14:00:00'),
(175, 12, 57, 1, '-2.000', NULL, NULL, '2026-04-23 17:30:00'),
(176, 13, 58, 1, '-20.000', NULL, 'Brunch service', '2026-04-24 09:00:00'),
(177, 12, 59, 1, '-4.000', NULL, NULL, '2026-04-24 14:00:00'),
(178, 13, 60, 1, '-1.500', NULL, NULL, '2026-04-24 17:00:00'),
(179, 12, 61, 1, '-5.000', NULL, NULL, '2026-04-25 09:00:00'),
(180, 13, 62, 1, '-3.500', NULL, NULL, '2026-04-25 14:00:00'),
(181, 12, 63, 1, '-5.000', NULL, NULL, '2026-04-25 17:30:00'),
(182, 13, 64, 1, '-0.800', NULL, NULL, '2026-04-26 09:00:00'),
(183, 12, 65, 1, '-1.000', NULL, NULL, '2026-04-26 14:00:00'),
(184, 13, 66, 1, '-0.500', NULL, NULL, '2026-04-26 17:00:00'),
(185, 12, 67, 1, '-3.000', NULL, 'Sauce reduction', '2026-04-27 09:00:00'),
(186, 13, 68, 1, '-3.000', NULL, NULL, '2026-04-27 14:00:00'),
(187, 12, 69, 1, '-0.800', NULL, NULL, '2026-04-28 09:00:00'),
(188, 13, 70, 1, '-0.500', NULL, NULL, '2026-04-28 14:00:00'),
(189, 12, 72, 1, '-5.000', NULL, NULL, '2026-04-29 09:00:00'),
(190, 13, 73, 1, '-1.500', NULL, NULL, '2026-04-29 14:00:00'),
(191, 12, 74, 1, '-1.200', NULL, NULL, '2026-04-30 09:00:00'),
(192, 13, 75, 1, '-2.000', NULL, NULL, '2026-04-30 14:00:00'),
(193, 12, 76, 1, '-3.000', NULL, NULL, '2026-04-30 17:30:00'),
(194, 13, 77, 1, '-2.000', NULL, NULL, '2026-05-01 09:00:00'),
(195, 12, 78, 1, '-4.000', NULL, NULL, '2026-05-01 14:00:00'),
(196, 13, 79, 1, '-3.000', NULL, NULL, '2026-05-02 09:00:00'),
(197, 12, 80, 1, '-1.500', NULL, NULL, '2026-05-02 14:00:00'),
(198, 13, 81, 1, '-4.000', NULL, NULL, '2026-05-02 17:30:00'),
(199, 12, 82, 1, '-2.000', NULL, NULL, '2026-05-03 09:00:00'),
(200, 13, 83, 1, '-1.500', NULL, NULL, '2026-05-04 09:00:00'),
(201, 12, 84, 1, '-3.000', NULL, NULL, '2026-05-04 14:00:00'),
(202, 13, 85, 1, '-0.800', NULL, NULL, '2026-05-05 12:00:00'),
(203, 12, 86, 1, '-1.000', NULL, NULL, '2026-05-06 09:00:00'),
(204, 13, 87, 1, '-3.000', NULL, 'Sauce', '2026-05-06 14:00:00'),
(205, 12, 88, 1, '-3.000', NULL, NULL, '2026-05-07 09:00:00'),
(206, 13, 89, 1, '-2.000', NULL, NULL, '2026-05-07 14:00:00'),
(207, 12, 90, 1, '-2.000', NULL, NULL, '2026-05-08 09:00:00'),
(208, 13, 91, 1, '-4.000', NULL, NULL, '2026-05-08 14:00:00'),
(209, 12, 92, 1, '-4.000', NULL, NULL, '2026-05-09 09:00:00'),
(210, 13, 93, 1, '-1.500', NULL, 'Fish special', '2026-05-09 14:00:00'),
(211, 12, 94, 1, '-1.200', NULL, NULL, '2026-05-10 09:00:00'),
(212, 13, 95, 1, '-3.000', NULL, NULL, '2026-05-10 14:00:00'),
(213, 12, 96, 1, '-4.000', NULL, NULL, '2026-05-11 09:00:00'),
(214, 13, 97, 1, '-15.000', NULL, NULL, '2026-05-11 14:00:00'),
(215, 12, 98, 1, '-4.000', NULL, NULL, '2026-05-12 09:00:00'),
(216, 13, 99, 1, '-1.000', NULL, NULL, '2026-05-12 14:00:00'),
(217, 12, 100, 1, '-4.000', NULL, NULL, '2026-05-13 09:00:00'),
(218, 13, 101, 1, '-4.000', NULL, NULL, '2026-05-13 14:00:00'),
(219, 12, 102, 1, '-0.800', NULL, NULL, '2026-05-14 09:00:00'),
(220, 13, 103, 1, '-5.000', NULL, NULL, '2026-05-14 14:00:00'),
(221, 12, 105, 1, '-0.600', NULL, NULL, '2026-05-15 09:00:00'),
(222, 13, 106, 1, '-2.000', NULL, NULL, '2026-06-01 12:00:00'),
(223, 12, 107, 1, '-2.000', NULL, NULL, '2026-06-02 09:00:00'),
(224, 13, 108, 1, '-0.800', NULL, NULL, '2026-06-02 14:00:00'),
(225, 12, 110, 1, '-1.000', NULL, 'Pastry station', '2026-06-03 09:00:00'),
(226, 13, 111, 1, '-2.000', NULL, NULL, '2026-06-12 12:00:00'),
(227, 12, 112, 1, '-1.500', NULL, NULL, '2026-06-13 09:00:00'),
(228, 13, 113, 1, '-1.500', NULL, NULL, '2026-06-13 14:00:00'),
(229, 12, 114, 1, '-2.000', NULL, NULL, '2026-06-14 09:00:00'),
(230, 13, 115, 1, '-1.000', NULL, NULL, '2026-06-14 14:00:00'),
(231, 12, 116, 1, '-2.500', NULL, NULL, '2026-06-15 09:00:00'),
(232, 13, 117, 1, '-4.500', NULL, NULL, '2026-06-15 14:00:00'),
(233, 12, 118, 1, '-1.500', NULL, NULL, '2026-06-16 09:00:00'),
(234, 13, 119, 1, '-2.000', NULL, NULL, '2026-06-16 14:00:00'),
(235, 12, 2, 2, '-0.500', 1, 'Mushrooms starting to deteriorate', '2026-04-07 08:30:00'),
(236, 13, 16, 2, '-1.000', 1, 'Some tomatoes gone soft', '2026-04-09 08:30:00'),
(237, 12, 33, 2, '-0.500', 1, 'Mushrooms past shelf life', '2026-04-16 08:30:00'),
(238, 13, 43, 2, '-1.000', 1, 'Overripe tomatoes', '2026-04-23 08:30:00'),
(239, 12, 44, 2, '-0.800', 1, 'Onions sprouting', '2026-04-25 08:30:00'),
(240, 13, 62, 2, '-0.800', 1, 'Onion batch partially spoiled', '2026-04-28 08:30:00'),
(241, 12, 74, 2, '-0.500', 1, 'Mushrooms expired', '2026-05-06 08:30:00'),
(242, 13, 115, 2, '-0.400', 1, 'Mushrooms no longer usable', '2026-05-21 08:30:00'),
(243, 12, 6, 2, '-0.500', 2, 'Overcooked at grill', '2026-04-08 16:00:00'),
(244, 13, 35, 2, '-0.800', 2, 'Burnt batch from grill', '2026-04-16 16:00:00'),
(245, 12, 50, 2, '-0.500', 2, NULL, '2026-05-06 16:00:00'),
(246, 13, 81, 2, '-0.500', 2, 'Prep error during rush', '2026-05-21 16:00:00'),
(247, 12, 13, 2, '-0.300', 2, NULL, '2026-04-09 16:30:00'),
(248, 13, 57, 2, '-0.400', 2, 'Slicing error waste', '2026-04-23 16:30:00'),
(249, 12, 26, 2, '-1.000', 3, 'Milk container dropped', '2026-04-10 09:00:00'),
(250, 13, 42, 2, '-0.500', 3, 'Spilled during mise en place', '2026-04-23 09:30:00'),
(251, 12, 68, 2, '-0.500', 3, 'Bottle knocked over', '2026-05-07 10:00:00'),
(252, 13, 3, 2, '-0.500', 3, 'Container dropped on floor', '2026-05-21 09:30:00'),
(253, 12, 14, 2, '-6.000', 7, 'Staff meal allocation', '2026-04-10 16:00:00'),
(254, 13, 41, 2, '-5.000', 7, 'Team lunch', '2026-04-23 16:00:00'),
(255, 12, 58, 2, '-4.000', 7, 'Kitchen staff breakfast', '2026-05-07 09:30:00'),
(256, 13, 97, 2, '-5.000', 7, 'Weekly staff meal', '2026-05-22 10:00:00'),
(257, 12, 22, 2, '-1.000', 4, 'Customer returned dish', '2026-04-11 09:00:00'),
(258, 13, 67, 2, '-1.000', 4, 'Sent back - wrong temperature', '2026-05-08 09:00:00'),
(259, 12, 28, 2, '-0.500', 4, 'Cheese dish sent back', '2026-05-22 09:00:00'),
(260, 13, 18, 2, '-0.300', 5, 'Over-prepped due to wrong table count', '2026-04-12 10:00:00'),
(261, 12, 64, 2, '-0.300', 5, 'Prepped wrong quantity', '2026-04-24 10:00:00'),
(262, 13, 5, 2, '-0.500', 6, 'Manager comped table', '2026-04-13 11:00:00'),
(263, 12, 104, 2, '-0.500', 9, 'Inventory variance - theft suspected', '2026-05-09 09:00:00'),
(264, 13, 71, 2, '-0.200', 10, 'Fridge breakdown - gelatin ruined', '2026-05-23 09:00:00'),
(265, 12, 110, 1, '-1.000', NULL, NULL, '2026-06-13 17:00:00');